{"cameraMode":{"drawMode":0,"name":"Shaded","section":"Shading Mode"},"sceneLighting":false,"audioPlay":false,"sceneViewState":{"showFog":true,"showMaterialUpdate":true,"showSkybox":false,"showFlares":true,"showImageEffects":true,"showParticleSystems":true},"in2DMode":false,"pivot":{"x":0.0,"y":0.8618504405021668,"z":-0.03161853551864624},"rotation":{"x":-0.05675848200917244,"y":0.9431191682815552,"z":-0.22177879512310029,"w":-0.24136796593666078},"size":1.4145631790161133,"orthographic":false}