{"cameraMode":{"drawMode":0,"name":"Shaded","section":"Shading Mode"},"sceneLighting":true,"audioPlay":false,"sceneViewState":{"showFog":true,"showMaterialUpdate":true,"showSkybox":false,"showFlares":true,"showImageEffects":true,"showParticleSystems":true},"in2DMode":false,"pivot":{"x":3.3798141479492189,"y":0.0,"z":4.871593475341797},"rotation":{"x":-0.23511703312397004,"y":-0.4879368841648102,"z":0.13836099207401277,"w":-0.8291535973548889},"size":24.24871063232422,"orthographic":false}