{"cameraMode":{"drawMode":0,"name":"Shaded","section":"Shading Mode"},"sceneLighting":false,"audioPlay":false,"sceneViewState":{"showFog":true,"showMaterialUpdate":true,"showSkybox":false,"showFlares":true,"showImageEffects":true,"showParticleSystems":true},"in2DMode":false,"pivot":{"x":-1.0000014305114747,"y":1.0000007152557374,"z":2.202134132385254},"rotation":{"x":0.1849246621131897,"y":0.2930087149143219,"z":-0.05787365883588791,"w":0.9362823963165283},"size":0.4362921714782715,"orthographic":false}