{"cameraMode":{"drawMode":0,"name":"Shaded","section":"Shading Mode"},"sceneLighting":false,"audioPlay":false,"sceneViewState":{"showFog":true,"showMaterialUpdate":true,"showSkybox":false,"showFlares":true,"showImageEffects":true,"showParticleSystems":true},"in2DMode":false,"pivot":{"x":1.082550048828125,"y":-1.1410503387451172,"z":-0.31747281551361086},"rotation":{"x":-0.2689620852470398,"y":0.7004246711730957,"z":-0.32830965518951418,"w":-0.5738459229469299},"size":2.70546293258667,"orthographic":false}