{"cameraMode":{"drawMode":0,"name":"Shaded","section":"Shading Mode"},"sceneLighting":false,"audioPlay":false,"sceneViewState":{"showFog":true,"showMaterialUpdate":true,"showSkybox":false,"showFlares":true,"showImageEffects":true,"showParticleSystems":true},"in2DMode":false,"pivot":{"x":4.577645778656006,"y":0.7189999222755432,"z":-1.1119999885559083},"rotation":{"x":-0.26250937581062319,"y":0.7114808559417725,"z":-0.3334916830062866,"w":-0.5600796937942505},"size":2.7054638862609865,"orthographic":false}