{"cameraMode":{"drawMode":0,"name":"Shaded","section":"Shading Mode"},"sceneLighting":false,"audioPlay":false,"sceneViewState":{"showFog":true,"showMaterialUpdate":true,"showSkybox":false,"showFlares":true,"showImageEffects":true,"showParticleSystems":true},"in2DMode":false,"pivot":{"x":-0.000004067323970957659,"y":0.000004345709385233931,"z":0.00000367826760339085},"rotation":{"x":0.06977616250514984,"y":-0.35324162244796755,"z":-0.026450250297784807,"w":-0.9325625896453857},"size":0.000017320508050033823,"orthographic":false}