{"cameraMode":{"drawMode":0,"name":"Shaded","section":"Shading Mode"},"sceneLighting":false,"audioPlay":false,"sceneViewState":{"showFog":true,"showMaterialUpdate":true,"showSkybox":false,"showFlares":true,"showImageEffects":true,"showParticleSystems":true},"in2DMode":false,"pivot":{"x":-1.000001072883606,"y":1.0000005960464478,"z":2.1768674850463869},"rotation":{"x":0.2460070103406906,"y":0.15791410207748414,"z":-0.04066093638539314,"w":0.9554663300514221},"size":0.2908616364002228,"orthographic":false}