{"cameraMode":{"drawMode":0,"name":"Shaded","section":"Shading Mode"},"sceneLighting":false,"audioPlay":false,"sceneViewState":{"showFog":true,"showMaterialUpdate":true,"showSkybox":false,"showFlares":true,"showImageEffects":true,"showParticleSystems":true},"in2DMode":false,"pivot":{"x":143.89999389648438,"y":2.6321182250976564,"z":68.4000015258789},"rotation":{"x":0.2975665032863617,"y":-0.5755831003189087,"z":0.2366085797548294,"w":0.724073052406311},"size":5.476890563964844,"orthographic":false}