{"cameraMode":{"drawMode":0,"name":"Shaded","section":"Shading Mode"},"sceneLighting":false,"audioPlay":false,"sceneViewState":{"showFog":true,"showMaterialUpdate":true,"showSkybox":false,"showFlares":true,"showImageEffects":true,"showParticleSystems":true},"in2DMode":false,"pivot":{"x":-0.06147480010986328,"y":-0.4337430000305176,"z":1.7285261154174805},"rotation":{"x":-0.19761021435260774,"y":0.7032419443130493,"z":-0.21431994438171388,"w":-0.6484518051147461},"size":4.500017166137695,"orthographic":false}