{"cameraMode":{"drawMode":0,"name":"Shaded","section":"Shading Mode"},"sceneLighting":false,"audioPlay":false,"sceneViewState":{"showFog":true,"showMaterialUpdate":true,"showSkybox":false,"showFlares":true,"showImageEffects":true,"showParticleSystems":true},"in2DMode":false,"pivot":{"x":-0.8199199438095093,"y":0.30666330456733706,"z":3.7672598361968996},"rotation":{"x":-0.05657147988677025,"y":-0.9417615532875061,"z":0.2036849409341812,"w":-0.2615621089935303},"size":0.14142130315303803,"orthographic":false}