{"cameraMode":{"drawMode":0,"name":"Shaded","section":"Shading Mode"},"sceneLighting":false,"audioPlay":false,"sceneViewState":{"showFog":true,"showMaterialUpdate":true,"showSkybox":false,"showFlares":true,"showImageEffects":true,"showParticleSystems":true},"in2DMode":false,"pivot":{"x":-1.7637866735458375,"y":1.2377662658691407,"z":0.22919313609600068},"rotation":{"x":-0.05675848200917244,"y":0.9431191682815552,"z":-0.22177879512310029,"w":-0.24136796593666078},"size":1.2858898639678956,"orthographic":false}