{"cameraMode":{"drawMode":0,"name":"Shaded","section":"Shading Mode"},"sceneLighting":false,"audioPlay":false,"sceneViewState":{"showFog":true,"showMaterialUpdate":true,"showSkybox":false,"showFlares":true,"showImageEffects":true,"showParticleSystems":true},"in2DMode":false,"pivot":{"x":1.824838399887085,"y":-0.28950023651123049,"z":1.0832806825637818},"rotation":{"x":-0.26250937581062319,"y":0.7114808559417725,"z":-0.3334916830062866,"w":-0.5600796937942505},"size":2.1939220428466799,"orthographic":false}