{"cameraMode":{"drawMode":0,"name":"Shaded","section":"Shading Mode"},"sceneLighting":false,"audioPlay":false,"sceneViewState":{"showFog":true,"showMaterialUpdate":true,"showSkybox":false,"showFlares":true,"showImageEffects":true,"showParticleSystems":true},"in2DMode":false,"pivot":{"x":0.015390336513519287,"y":0.9947232007980347,"z":1.9942255020141602},"rotation":{"x":0.2642885744571686,"y":0.23458659648895265,"z":-0.06644409894943237,"w":0.9331298470497131},"size":1.5636396408081055,"orthographic":false}