{"cameraMode":{"drawMode":0,"name":"Shaded","section":"Shading Mode"},"sceneLighting":false,"audioPlay":false,"sceneViewState":{"showFog":true,"showMaterialUpdate":true,"showSkybox":false,"showFlares":true,"showImageEffects":true,"showParticleSystems":true},"in2DMode":false,"pivot":{"x":-0.37308353185653689,"y":0.18961118161678315,"z":1.589142084121704},"rotation":{"x":-0.20489099621772767,"y":0.7942893505096436,"z":0.3836921751499176,"w":0.42418280243873598},"size":0.06363965570926666,"orthographic":false}