{"cameraMode":{"drawMode":0,"name":"Shaded","section":"Shading Mode"},"sceneLighting":false,"audioPlay":false,"sceneViewState":{"showFog":true,"showMaterialUpdate":true,"showSkybox":false,"showFlares":true,"showImageEffects":true,"showParticleSystems":true},"in2DMode":false,"pivot":{"x":-7.257720470428467,"y":-1.0204551219940186,"z":-8.059797286987305},"rotation":{"x":0.0355936698615551,"y":-0.9283382892608643,"z":0.09220705181360245,"w":0.3583582639694214},"size":7.712804794311523,"orthographic":false}