{"cameraMode":{"drawMode":0,"name":"Shaded","section":"Shading Mode"},"sceneLighting":false,"audioPlay":false,"sceneViewState":{"showFog":true,"showMaterialUpdate":true,"showSkybox":false,"showFlares":true,"showImageEffects":true,"showParticleSystems":true},"in2DMode":false,"pivot":{"x":15.778057098388672,"y":1.2594150304794312,"z":-33.60377502441406},"rotation":{"x":0.1325618177652359,"y":0.6123273968696594,"z":-0.10429689288139343,"w":0.7725849151611328},"size":2.0451478958129885,"orthographic":false}