{"cameraMode":{"drawMode":0,"name":"Shaded","section":"Shading Mode"},"sceneLighting":false,"audioPlay":false,"sceneViewState":{"showFog":true,"showMaterialUpdate":true,"showSkybox":false,"showFlares":true,"showImageEffects":true,"showParticleSystems":true},"in2DMode":false,"pivot":{"x":0.8569999933242798,"y":0.36250001192092898,"z":-0.4729999899864197},"rotation":{"x":-0.15611952543258668,"y":0.7779811024665833,"z":-0.21306610107421876,"w":-0.570084810256958},"size":1.1089563369750977,"orthographic":false}