{"cameraMode":{"drawMode":0,"name":"Shaded","section":"Shading Mode"},"sceneLighting":false,"audioPlay":false,"sceneViewState":{"showFog":true,"showMaterialUpdate":true,"showSkybox":false,"showFlares":true,"showImageEffects":true,"showParticleSystems":true},"in2DMode":false,"pivot":{"x":-0.000010311166988685727,"y":0.000005698923359886976,"z":-0.0000446586127509363},"rotation":{"x":0.003337607951834798,"y":-0.9536721706390381,"z":-0.010587796568870545,"w":-0.300646036863327},"size":1.8000173568725587,"orthographic":false}