{"cameraMode":{"drawMode":0,"name":"Shaded","section":"Shading Mode"},"sceneLighting":false,"audioPlay":false,"sceneViewState":{"showFog":true,"showMaterialUpdate":true,"showSkybox":false,"showFlares":true,"showImageEffects":true,"showParticleSystems":true},"in2DMode":false,"pivot":{"x":0.0,"y":1.2310365438461304,"z":0.2074945569038391},"rotation":{"x":-0.1434730440378189,"y":-0.8307866454124451,"z":0.25046277046203616,"w":-0.4759078025817871},"size":0.4466329514980316,"orthographic":false}