{"cameraMode":{"drawMode":0,"name":"Shaded","section":"Shading Mode"},"sceneLighting":false,"audioPlay":false,"sceneViewState":{"showFog":true,"showMaterialUpdate":true,"showSkybox":false,"showFlares":true,"showImageEffects":true,"showParticleSystems":true},"in2DMode":false,"pivot":{"x":1.461646556854248,"y":0.10599999874830246,"z":0.032499998807907107},"rotation":{"x":-0.15611952543258668,"y":0.7779811024665833,"z":-0.21306610107421876,"w":-0.570084810256958},"size":1.7658565044403077,"orthographic":false}