{"cameraMode":{"drawMode":0,"name":"Shaded","section":"Shading Mode"},"sceneLighting":false,"audioPlay":false,"sceneViewState":{"showFog":true,"showMaterialUpdate":true,"showSkybox":false,"showFlares":true,"showImageEffects":true,"showParticleSystems":true},"in2DMode":false,"pivot":{"x":3.7064762115478517,"y":-2.31508731842041,"z":-0.25185537338256838},"rotation":{"x":-0.29492130875587466,"y":0.7032419443130493,"z":-0.4261649549007416,"w":-0.48670098185539248},"size":9.82026481628418,"orthographic":false}