{"cameraMode":{"drawMode":0,"name":"Shaded","section":"Shading Mode"},"sceneLighting":false,"audioPlay":false,"sceneViewState":{"showFog":true,"showMaterialUpdate":true,"showSkybox":false,"showFlares":true,"showImageEffects":true,"showParticleSystems":true},"in2DMode":false,"pivot":{"x":-2.9656386375427248,"y":1.9985895156860352,"z":3.9898617267608644},"rotation":{"x":-0.23511703312397004,"y":-0.4879368841648102,"z":0.13836099207401277,"w":-0.8291535973548889},"size":0.0358535535633564,"orthographic":false}