{"cameraMode":{"drawMode":0,"name":"Shaded","section":"Shading Mode"},"sceneLighting":false,"audioPlay":false,"sceneViewState":{"showFog":true,"showMaterialUpdate":true,"showSkybox":false,"showFlares":true,"showImageEffects":true,"showParticleSystems":true},"in2DMode":false,"pivot":{"x":0.04987829923629761,"y":1.710179090499878,"z":2.7346973419189455},"rotation":{"x":0.17523042857646943,"y":-0.7657201886177063,"z":0.23437488079071046,"w":0.5728963017463684},"size":0.48602598905563357,"orthographic":false}