{"cameraMode":{"drawMode":0,"name":"Shaded","section":"Shading Mode"},"sceneLighting":false,"audioPlay":false,"sceneViewState":{"showFog":true,"showMaterialUpdate":true,"showSkybox":false,"showFlares":true,"showImageEffects":true,"showParticleSystems":true},"in2DMode":false,"pivot":{"x":15.600000381469727,"y":4.989999771118164,"z":-4.349999904632568},"rotation":{"x":0.47521886229515078,"y":-0.14239493012428285,"z":0.0782533511519432,"w":0.8647368550300598},"size":0.9866029024124146,"orthographic":false}