{"cameraMode":{"drawMode":0,"name":"Shaded","section":"Shading Mode"},"sceneLighting":false,"audioPlay":false,"sceneViewState":{"showFog":true,"showMaterialUpdate":true,"showSkybox":false,"showFlares":true,"showImageEffects":true,"showParticleSystems":true},"in2DMode":false,"pivot":{"x":-0.0000013013886928092689,"y":0.000024211389245465398,"z":0.000014424361324927304},"rotation":{"x":-0.14217694103717805,"y":0.5752501487731934,"z":0.10236362367868424,"w":0.7989971041679382},"size":0.000017320508050033823,"orthographic":false}