{"cameraMode":{"drawMode":0,"name":"Shaded","section":"Shading Mode"},"sceneLighting":false,"audioPlay":false,"sceneViewState":{"showFog":true,"showMaterialUpdate":true,"showSkybox":false,"showFlares":true,"showImageEffects":true,"showParticleSystems":true},"in2DMode":false,"pivot":{"x":-1.4919351087883116e-8,"y":0.000014513649148284458,"z":-0.0000020556271920213477},"rotation":{"x":0.03736986592411995,"y":0.8572713136672974,"z":0.06285543739795685,"w":-0.5096679329872131},"size":0.9000173211097717,"orthographic":false}