{"cameraMode":{"drawMode":0,"name":"Shaded","section":"Shading Mode"},"sceneLighting":false,"audioPlay":false,"sceneViewState":{"showFog":true,"showMaterialUpdate":true,"showSkybox":false,"showFlares":true,"showImageEffects":true,"showParticleSystems":true},"in2DMode":false,"pivot":{"x":-3.4264585971832277,"y":3.576780080795288,"z":20.79248046875},"rotation":{"x":-0.23689378798007966,"y":0.6721182465553284,"z":-0.24177590012550355,"w":-0.6585464477539063},"size":1.869870901107788,"orthographic":false}