{"cameraMode":{"drawMode":0,"name":"Shaded","section":"Shading Mode"},"sceneLighting":false,"audioPlay":false,"sceneViewState":{"showFog":true,"showMaterialUpdate":true,"showSkybox":false,"showFlares":true,"showImageEffects":true,"showParticleSystems":true},"in2DMode":false,"pivot":{"x":1.5084999799728394,"y":-0.5565001964569092,"z":0.3685000538825989},"rotation":{"x":-0.15611952543258668,"y":0.7779811024665833,"z":-0.21306610107421876,"w":-0.570084810256958},"size":1.6495773792266846,"orthographic":false}