{"cameraMode":{"drawMode":0,"name":"Shaded","section":"Shading Mode"},"sceneLighting":false,"audioPlay":false,"sceneViewState":{"showFog":true,"showMaterialUpdate":true,"showSkybox":false,"showFlares":true,"showImageEffects":true,"showParticleSystems":true},"in2DMode":false,"pivot":{"x":0.0,"y":1.231042504310608,"z":0.2074921876192093},"rotation":{"x":0.051335081458091739,"y":-0.9448909163475037,"z":0.18104474246501923,"w":0.2679171860218048},"size":1.9471312761306763,"orthographic":false}