{"cameraMode":{"drawMode":0,"name":"Shaded","section":"Shading Mode"},"sceneLighting":false,"audioPlay":false,"sceneViewState":{"showFog":true,"showMaterialUpdate":true,"showSkybox":false,"showFlares":true,"showImageEffects":true,"showParticleSystems":true},"in2DMode":false,"pivot":{"x":-0.6050689220428467,"y":1.0896028280258179,"z":0.7170081734657288},"rotation":{"x":-0.007140462752431631,"y":0.9709771871566773,"z":-0.23757147789001466,"w":-0.029184123501181604},"size":1.3411790132522584,"orthographic":false}