{"cameraMode":{"drawMode":0,"name":"Shaded","section":"Shading Mode"},"sceneLighting":false,"audioPlay":false,"sceneViewState":{"showFog":true,"showMaterialUpdate":true,"showSkybox":false,"showFlares":true,"showImageEffects":true,"showParticleSystems":true},"in2DMode":false,"pivot":{"x":-33.02666473388672,"y":0.7822498083114624,"z":11.145398139953614},"rotation":{"x":0.08812090009450913,"y":0.6777553558349609,"z":-0.08234123140573502,"w":0.7253363728523254},"size":2.205441474914551,"orthographic":false}