{"cameraMode":{"drawMode":0,"name":"Shaded","section":"Shading Mode"},"sceneLighting":false,"audioPlay":false,"sceneViewState":{"showFog":true,"showMaterialUpdate":true,"showSkybox":false,"showFlares":true,"showImageEffects":true,"showParticleSystems":true},"in2DMode":false,"pivot":{"x":-0.14515721797943116,"y":0.22655442357063294,"z":0.14434707164764405},"rotation":{"x":0.013822467066347599,"y":-0.33730441331863406,"z":-0.004972022958099842,"w":-0.9412922859191895},"size":0.9000173211097717,"orthographic":false}