{"cameraMode":{"drawMode":0,"name":"Shaded","section":"Shading Mode"},"sceneLighting":false,"audioPlay":false,"sceneViewState":{"showFog":true,"showMaterialUpdate":true,"showSkybox":false,"showFlares":true,"showImageEffects":true,"showParticleSystems":true},"in2DMode":false,"pivot":{"x":-1.000001072883606,"y":1.0000005960464478,"z":2.1768674850463869},"rotation":{"x":0.1849246621131897,"y":0.2930087149143219,"z":-0.05787365883588791,"w":0.9362823963165283},"size":0.2908616364002228,"orthographic":false}