{"cameraMode":{"drawMode":0,"name":"Shaded","section":"Shading Mode"},"sceneLighting":true,"audioPlay":false,"sceneViewState":{"showFog":true,"showMaterialUpdate":true,"showSkybox":true,"showFlares":true,"showImageEffects":true,"showParticleSystems":true},"in2DMode":false,"pivot":{"x":2.356523036956787,"y":9.148075103759766,"z":2.95072865486145},"rotation":{"x":-0.1712254285812378,"y":0.7256703972816467,"z":-0.1949881762266159,"w":-0.6372358202934265},"size":0.4939051866531372,"orthographic":false}