{"cameraMode":{"drawMode":0,"name":"Shaded","section":"Shading Mode"},"sceneLighting":false,"audioPlay":false,"sceneViewState":{"showFog":true,"showMaterialUpdate":true,"showSkybox":false,"showFlares":true,"showImageEffects":true,"showParticleSystems":true},"in2DMode":false,"pivot":{"x":2.8406710624694826,"y":2.546337127685547,"z":22.106454849243165},"rotation":{"x":-0.3116692900657654,"y":0.4531678855419159,"z":-0.1730230301618576,"w":-0.8171566724777222},"size":1.8353193998336793,"orthographic":false}