{"cameraMode":{"drawMode":0,"name":"Shaded","section":"Shading Mode"},"sceneLighting":false,"audioPlay":false,"sceneViewState":{"showFog":true,"showMaterialUpdate":true,"showSkybox":false,"showFlares":true,"showImageEffects":true,"showParticleSystems":true},"in2DMode":false,"pivot":{"x":0.0000030600167519878598,"y":0.000012201512618048582,"z":0.000003304631718492601},"rotation":{"x":0.1369943618774414,"y":0.8184405565261841,"z":0.21832914650440217,"w":-0.5135585069656372},"size":1.2000173330307007,"orthographic":false}