{"cameraMode":{"drawMode":0,"name":"Shaded","section":"Shading Mode"},"sceneLighting":false,"audioPlay":false,"sceneViewState":{"showFog":true,"showMaterialUpdate":true,"showSkybox":false,"showFlares":true,"showImageEffects":true,"showParticleSystems":true},"in2DMode":false,"pivot":{"x":0.3163384795188904,"y":0.13349999487400056,"z":0.7147806286811829},"rotation":{"x":0.06977616250514984,"y":-0.35324162244796755,"z":-0.026450250297784807,"w":-0.9325625896453857},"size":0.7929860949516296,"orthographic":false}