{"cameraMode":{"drawMode":0,"name":"Shaded","section":"Shading Mode"},"sceneLighting":false,"audioPlay":false,"sceneViewState":{"showFog":true,"showMaterialUpdate":true,"showSkybox":false,"showFlares":true,"showImageEffects":true,"showParticleSystems":true},"in2DMode":false,"pivot":{"x":-2.082477569580078,"y":0.7373456954956055,"z":1.1149747371673585},"rotation":{"x":-0.04048489034175873,"y":0.9542357921600342,"z":-0.1515035778284073,"w":-0.2549152672290802},"size":1.5493769645690919,"orthographic":false}