{"cameraMode":{"drawMode":0,"name":"Shaded","section":"Shading Mode"},"sceneLighting":false,"audioPlay":false,"sceneViewState":{"showFog":true,"showMaterialUpdate":true,"showSkybox":false,"showFlares":true,"showImageEffects":true,"showParticleSystems":true},"in2DMode":false,"pivot":{"x":1.6047611236572266,"y":-1.6471619606018067,"z":-0.6485748291015625},"rotation":{"x":-0.26250937581062319,"y":0.7114808559417725,"z":-0.3334916830062866,"w":-0.5600796937942505},"size":3.9054627418518068,"orthographic":false}