{"cameraMode":{"drawMode":0,"name":"Shaded","section":"Shading Mode"},"sceneLighting":false,"audioPlay":false,"sceneViewState":{"showFog":true,"showMaterialUpdate":true,"showSkybox":false,"showFlares":true,"showImageEffects":true,"showParticleSystems":true},"in2DMode":false,"pivot":{"x":2.6555891036987306,"y":-3.1377320289611818,"z":9.164299964904786},"rotation":{"x":-0.34794437885284426,"y":-0.2927495241165161,"z":0.11533977091312409,"w":-0.883142352104187},"size":5.126657962799072,"orthographic":false}