{"cameraMode":{"drawMode":0,"name":"Shaded","section":"Shading Mode"},"sceneLighting":false,"audioPlay":false,"sceneViewState":{"showFog":true,"showMaterialUpdate":true,"showSkybox":false,"showFlares":true,"showImageEffects":true,"showParticleSystems":true},"in2DMode":false,"pivot":{"x":-2.931277275085449,"y":1.9971790313720704,"z":3.9797234535217287},"rotation":{"x":0.06399164348840714,"y":-0.9312670230865479,"z":0.2002548724412918,"w":0.2975826561450958},"size":5.707395553588867,"orthographic":false}