{"cameraMode":{"drawMode":0,"name":"Shaded","section":"Shading Mode"},"sceneLighting":false,"audioPlay":false,"sceneViewState":{"showFog":true,"showMaterialUpdate":true,"showSkybox":false,"showFlares":true,"showImageEffects":true,"showParticleSystems":true},"in2DMode":false,"pivot":{"x":-0.2588483393192291,"y":0.7894237637519836,"z":2.143990993499756},"rotation":{"x":-0.06889670342206955,"y":0.037695787847042087,"z":0.002605763264000416,"w":0.9969208240509033},"size":0.17320503294467927,"orthographic":false}