{"cameraMode":{"drawMode":0,"name":"Shaded","section":"Shading Mode"},"sceneLighting":false,"audioPlay":false,"sceneViewState":{"showFog":true,"showMaterialUpdate":true,"showSkybox":false,"showFlares":true,"showImageEffects":true,"showParticleSystems":true},"in2DMode":false,"pivot":{"x":-0.00008058547973632813,"y":0.8642494678497315,"z":0.0032529830932617189},"rotation":{"x":-0.07231862097978592,"y":0.926205039024353,"z":-0.23251605033874513,"w":-0.28808027505874636},"size":1.1264559030532838,"orthographic":false}