{"cameraMode":{"drawMode":0,"name":"Shaded","section":"Shading Mode"},"sceneLighting":false,"audioPlay":false,"sceneViewState":{"showFog":true,"showMaterialUpdate":true,"showSkybox":false,"showFlares":true,"showImageEffects":true,"showParticleSystems":true},"in2DMode":false,"pivot":{"x":0.26938819885253909,"y":-0.15695565938949586,"z":-0.6985917091369629},"rotation":{"x":-0.07362588495016098,"y":0.8373884558677673,"z":-0.1165662631392479,"w":-0.5289561152458191},"size":1.5000174045562745,"orthographic":false}