{"cameraMode":{"drawMode":0,"name":"Shaded","section":"Shading Mode"},"sceneLighting":false,"audioPlay":false,"sceneViewState":{"showFog":true,"showMaterialUpdate":true,"showSkybox":false,"showFlares":true,"showImageEffects":true,"showParticleSystems":true},"in2DMode":false,"pivot":{"x":0.00005831925227539614,"y":2.056390258076135e-7,"z":-0.000003242605089326389},"rotation":{"x":-0.06126372888684273,"y":-0.5110349655151367,"z":0.036549150943756106,"w":-0.8565957546234131},"size":1.5000174045562745,"orthographic":false}